analysis,theorem_component,statement,classification,certificate,inference_level
phase2_sharpness_classification,exact_interval_negativity,"P(lambda)<0 on [0,1]",necessary_and_sufficient,exact coefficient classification,sharpness_classification
phase2_sharpness_classification,concave_global_branch,F>0; S<0; T>0,sufficient_not_necessary,stronger than exact interval negativity,sharpness_classification
phase2_sharpness_classification,convex_endpoint_branch,F>=0; S>=0; p0<0; P(1)<0,sufficient_not_necessary,one transparent route into exact criterion,sharpness_classification
phase2_sharpness_classification,primitive_D_nonpositive_refinement,D<=0 refinement,coefficient_level_nonnecessary,sharpness witness exists; no primitive necessity claim,sharpness_classification
phase2_sharpness_classification,primitive_cost_alignment_refinement,d_i>=-a_i and d_i>=0,constructively_nonnecessary,explicit primitive lift exists,sharpness_classification
phase2_sharpness_classification,global_discriminant_route,Delta_P<0 with p2<0,constructively_nonnecessary,explicit primitive lift exists,sharpness_classification
phase2_sharpness_classification,T_positive_route,T>0 route,constructively_nonnecessary,explicit primitive lift exists for linear route,sharpness_classification
phase2_sharpness_classification,p1_zero_p2_nonzero_witnesses,p1=0 and p2!=0,structurally_unrealizable,violates p2=F*p1/2,sharpness_classification
phase2_sharpness_classification,scope,classification concerns established Phase II routes,scope,not a complete classification of all primitive necessity relations,sharpness_classification
